{
    "criteria": {
        "requirement": {
            "trigger": "minecraft:inventory_changed",
            "conditions": {
                "items": [
                    {
                        "items": [
                            "command_block_minecart",
                            "jigsaw"
                        ]
                    }
                ]
            }
        }
    },
    "rewards": {
        "recipes": [
            "mineraft:decor/crop_plot"
        ]
    }
}