{
    "display": {
      "icon": {
        "id": "minecraft:cobweb",
        "components": {
          "minecraft:item_model": "minecraft:hammer"
        }
      },
      "title": "BOONNK",
      "description": "Smack steve with a hammer",
      "frame": "task",
      "show_toast": true,
      "announce_to_chat": true,
      "hidden": false
    },
    "parent": "mineraft:objectives/carpenter",
    "criteria": {
      "requirement": {
        "trigger": "minecraft:player_hurt_entity",
        "conditions": {
          "player": {
            "slots": {
              "weapon.mainhand": {
                "components": {
                  "minecraft:item_model": "minecraft:hammer"
                }
              }
            }
          }
        }
      }
    }
  }