{
    "display": {
      "icon": {
        "id": "stone",
        "components": {
          "minecraft:item_model": "minecraft:hammer"
        }
      },
      "title": "Carpenter",
      "description": "Craft a Hammer",
      "frame": "goal",
      "show_toast": true,
      "announce_to_chat": true,
      "hidden": false
    },
    "parent": "mineraft:objectives/worthless_junk",
    "criteria": {
      "requirement": {
        "trigger": "minecraft:recipe_crafted",
        "conditions": {
          "recipe_id": "mineraft:hammer"
        }
      }
    }
  }