{
    "display": {
      "icon": {
        "id": "minecraft:golden_helmet",
        "components": {
          "minecraft:item_model": "minecraft:scrap_helmet"
        }
      },
      "title": "Feelin' Scrappy",
      "description": "Wear a full set of scrap armor",
      "frame": "goal",
      "show_toast": true,
      "announce_to_chat": true,
      "hidden": false
    },
    "parent": "mineraft:objectives/not_so_worthless",
    "criteria": {
      "requirement": {
        "trigger": "minecraft:inventory_changed",
        "conditions": {
          "items": [
            {
              "items": [
                "minecraft:chainmail_helmet"
              ],
              "components": {
                "minecraft:rarity": "uncommon"
              }
            },
            {
                "items": [
                  "minecraft:chainmail_chestplate"
                ],
                "components": {
                  "minecraft:rarity": "uncommon"
                }
            },
            {
                "items": [
                  "minecraft:chainmail_leggings"
                ],
                "components": {
                  "minecraft:rarity": "uncommon"
                }
            },
            {
                "items": [
                  "minecraft:chainmail_boots"
                ],
                "components": {
                  "minecraft:rarity": "uncommon"
                }
            }
          ]
        }
      }
    }
  }