{
    "display": {
      "icon": {
        "id": "minecraft:raw_copper",
        "components": {
          "minecraft:item_model": "minecraft:iron_ingot"
        }
      },
      "title": "Early Game Completed!",
      "description": "Obtain Metal Ingot",
      "frame": "challenge",
      "show_toast": true,
      "announce_to_chat": true,
      "hidden": false
    },
    "parent": "mineraft:objectives/crumbl_rock",
    "criteria": {
      "requirement": {
        "trigger": "minecraft:inventory_changed",
        "conditions": {
          "items": [
            {
              "items": "minecraft:test_instance_block"
            }
          ]
        }
      }
    }
  }