{
    "display": {
      "icon": {
        "id": "stone",
        "components": {
          "minecraft:item_model": "minecraft:oak_sapling"
        }
      },
      "title": "Harvester",
      "description": "Plant a Tree",
      "frame": "goal",
      "show_toast": true,
      "announce_to_chat": true,
      "hidden": false
    },
    "parent": "mineraft:objectives/plantin_time",
    "criteria": {
      "requirement": {
        "trigger": "minecraft:impossible"
        }
      }
    }