{
    "display": {
      "icon": {
        "id": "minecraft:netherite_scrap",
        "components": {
          "minecraft:item_model": "minecraft:cooked_shark"
        }
      },
      "title": "HOW COULD YOU?!?",
      "description": "YOU ATE STEVE?",
      "frame": "challenge",
      "show_toast": true,
      "announce_to_chat": true,
      "hidden": false
    },
    "parent": "mineraft:objectives/smeltery",
    "criteria": {
      "requirement": {
        "trigger": "minecraft:consume_item",
        "conditions": {
          "item": {
            "items": "minecraft:netherite_scrap"
          }
        }
      }
    }
  }