{
    "display": {
      "icon": {
        "id": "minecraft:resin_brick",
        "components": {
          "minecraft:item_model": "minecraft:refined_scrap"
        }
      },
      "title": "Not So Worthless",
      "description": "Refine Scrap in a Smeltery",
      "frame": "goal",
      "show_toast": true,
      "announce_to_chat": true,
      "hidden": false
    },
    "parent": "mineraft:objectives/smeltery",
    "criteria": {
      "requirement": {
        "trigger": "minecraft:inventory_changed",
        "conditions": {
          "items": [
            {
              "items": "minecraft:repeating_command_block"
            }
          ]
        }
      }
    }
  }