{
    "display": {
      "icon": {
        "id": "minecraft:golden_shovel",
        "components": {
          "minecraft:item_model": "minecraft:scrap_spear"
        }
      },
      "title": "Ole' Reliable",
      "description": "Craft a Scrap Spear",
      "frame": "task",
      "show_toast": true,
      "announce_to_chat": true,
      "hidden": false
    },
    "parent": "mineraft:objectives/not_so_worthless",
    "criteria": {
      "requirement": {
        "trigger": "minecraft:recipe_crafted",
        "conditions": {
          "recipe_id": "mineraft:weapons/scrap_spear"
        }
      }
    }
  }