{
    "display": {
      "icon": {
        "id": "minecraft:golden_shovel",
        "components": {
          "minecraft:item_model": "minecraft:wooden_stairs"
        }
      },
      "title": "One Step at a Time",
      "description": "Craft a Wooden Staircase",
      "frame": "task",
      "show_toast": true,
      "announce_to_chat": true,
      "hidden": false
    },
    "parent": "mineraft:objectives/walk_the_plank",
    "criteria": {
      "requirement": {
        "trigger": "minecraft:recipe_crafted",
        "conditions": {
          "recipe_id": "mineraft:decor/wooden_staircase"
        }
      }
    }
  }