{
    "display": {
      "icon": {
        "id": "minecraft:golden_shovel",
        "components": {
          "minecraft:item_model": "minecraft:crop_plot"
        }
      },
      "title": "Plantin' Time",
      "description": "Craft your first crop plot",
      "frame": "task",
      "show_toast": true,
      "announce_to_chat": true,
      "hidden": false
    },
    "parent": "mineraft:objectives/walk_the_plank",
    "criteria": {
      "requirement": {
        "trigger": "minecraft:recipe_crafted",
        "conditions": {
          "recipe_id": "mineraft:decor/crop_plot"
        }
      }
    }
  }