{
    "display": {
      "icon": {
        "id": "minecraft:potion",
        "components": {
          "minecraft:item_model": "minecraft:rain_collector",
          "minecraft:potion_contents": {
            "potion": "minecraft:water",
            "custom_color": 1270015
          }
        }
      },
      "title": "Quenching Thirst",
      "description": "Craft a Rain Collector",
      "frame": "goal",
      "show_toast": true,
      "announce_to_chat": true,
      "hidden": false
    },
    "parent": "mineraft:objectives/leg_room",
    "criteria": {
      "requirement": {
        "trigger": "minecraft:recipe_crafted",
        "conditions": {
          "recipe_id": "mineraft:rain_collector"
        }
      }
    }
  }