{
  "display": {
    "icon": {
      "id": "minecraft:phantom_membrane"
    },
    "title": "Shark Hunter",
    "description": "Kill Steve...",
    "frame": "task",
    "show_toast": true,
    "announce_to_chat": true,
    "hidden": false
  },
  "parent": "mineraft:objectives/stranded",
  "criteria": {
    "requirement": {
      "trigger": "minecraft:inventory_changed",
      "conditions": {
        "items": [
          {
            "items": "minecraft:phantom_membrane"
          }
        ]
      }
    }
  },
  "rewards": {
    "function": "mineraft:shark/secret_advancement/secret_advancement"
  }
}