{
    "display": {
      "icon": {
        "id": "minecraft:structure_void"
      },
      "title": "Shark Exterminator",
      "description": "Kill Steve's entire bloodline",
      "frame": "challenge",
      "show_toast": true,
      "announce_to_chat": true,
      "hidden": false
    },
    "parent": "mineraft:objectives/shark_hunter",
    "criteria": {
      "requirement": {
        "trigger": "minecraft:tick",
        "conditions": {
          "player": [
            {
              "condition": "minecraft:entity_scores",
              "entity": "this",
              "scores": {
                "shark_kills": 10
              }
            }
          ]
        }
      }
    },
    "rewards": {}
  }