{
    "display": {
      "icon": {
        "id": "minecraft:netherite_shovel"
      },
      "title": "Why?",
      "description": "What did they ever do to you?",
      "frame": "challenge",
      "show_toast": true,
      "announce_to_chat": true,
      "hidden": true
    },
    "parent": "mineraft:objectives/shark_exterminator",
    "criteria": {
      "requirement": {
        "trigger": "minecraft:tick",
        "conditions": {
          "player": [
            {
              "condition": "minecraft:entity_scores",
              "entity": "this",
              "scores": {
                "shark_kills": 110
              }
            }
          ]
        }
      }
    },
    "rewards": {}
  }