{
    "display": {
      "icon": {
        "id": "minecraft:raw_copper",
        "components": {
          "minecraft:item_model": "minecraft:scrap"
        }
      },
      "title": "Worthless Junk",
      "description": "Obtain Scrap",
      "frame": "task",
      "show_toast": true,
      "announce_to_chat": true,
      "hidden": false
    },
    "parent": "mineraft:objectives/fish_scrap",
    "criteria": {
      "requirement": {
        "trigger": "minecraft:inventory_changed",
        "conditions": {
          "items": [
            {
              "items": "minecraft:command_block"
            }
          ]
        }
      }
    }
  }