{
    "type": "minecraft:crafting_shaped",
    "category": "building",
    "pattern": [
      "443",
      "111",
      "222"
    ],
    "key": {
      "1": [
        "minecraft:jigsaw"
      ],
      "2": [
        "spruce_log"
      ],
      "3": [
        "structure_block"
      ],
      "4": [
        "prismarine_crystals"
      ]
    },
    "result": {
      "id": "minecraft:vex_spawn_egg",
      "components": {
        "minecraft:item_model": "minecraft:wooden_platform_it",
        "minecraft:item_name": "Wooden Platform",
        "minecraft:rarity": "uncommon",
        "minecraft:entity_data": {
          "id": "minecraft:marker",
          "Tags": [
            "wooden_platform"
          ]
        },
        "minecraft:custom_data": {
          "wooden_platform": true
        }
      },
      "count": 1
    },
    "show_notification": true
  }