{
    "type": "minecraft:jigsaw",
    "biomes": [
      "minecraft:ocean",
      "minecraft:deep_ocean",
      "minecraft:warm_ocean",
      "minecraft:lukewarm_ocean",
      "minecraft:deep_lukewarm_ocean"
    ],
    "step": "surface_structures",
    "spawn_overrides": {},
    "terrain_adaptation": "none",
    "start_pool": "mineraft:small_tropical_var_1",
    "size": 1,
    "start_height": {
      "absolute": 51
    },
    "max_distance_from_center": 128,
    "use_expansion_hack": false
  }