{
    "type": "minecraft:crafting_shaped",
    "category": "building",
    "pattern": [
      "141",
      "3 3",
      "141"
    ],
    "key": {
      "1": [
        "minecraft:test_instance_block"
      ],
      "4": [
        "prismarine_crystals"
      ],
      "3": [
        "command_block_minecart"
      ]
    },
    "result": {
      "id": "minecraft:vex_spawn_egg",
      "components": {
        "minecraft:item_model": "minecraft:foundation_armor_item",
        "minecraft:item_name": "Foundation Armor",
        "minecraft:rarity": "uncommon",
        "minecraft:entity_data": {
          "id": "minecraft:marker",
          "Tags": [
            "foundation_armor"
          ]
        },
        "minecraft:custom_data": {
          "foundation_item": true
        }
      },
      "count": 3
    },
    "show_notification": true
  }