{
  "type": "minecraft:crafting_shaped",
  "category": "building",
  "pattern": [
    "121",
    "131",
    "121"
  ],
  "key": {
    "1": [
      "minecraft:jigsaw"
    ],
    "2": [
      "string"
    ],
    "3": [
      "minecraft:spruce_log"
    ]
  },
  "result": {
    "id": "minecraft:vex_spawn_egg",
    "components": {
      "minecraft:item_model": "minecraft:raft_extension",
      "minecraft:item_name": "Wooden Foundation",
      "minecraft:rarity": "uncommon",
      "minecraft:entity_data": {
        "id": "minecraft:marker",
        "Tags": [
          "extension"
        ]
      },
      "minecraft:custom_data": {
        "extension_item": true
      }
    },
    "count": 1
  },
  "show_notification": true
}