{
  "type": "minecraft:crafting_shaped",
  "category": "building",
  "pattern": [
    "   ",
    "121",
    "343"
  ],
  "key": {
    "1": [
      "minecraft:string"
    ],
    "2": [
      "hopper"
    ],
    "3": [
      "minecraft:command_block"
    ],
    "4": [
      "minecraft:cauldron"
    ]
  },
  "result": {
    "id": "minecraft:vex_spawn_egg",
    "components": {
      "minecraft:item_model": "minecraft:rain_collector",
      "minecraft:item_name": "Rain Collector",
      "minecraft:rarity": "uncommon",
      "minecraft:entity_data": {
        "id": "minecraft:marker",
        "Tags": [
          "rain_collector"
        ]
      },
      "minecraft:custom_data": {
        "rain_collector_item": true
      }
    },
    "count": 1
  },
  "show_notification": true
}