{
    "type": "minecraft:crafting_shaped",
    "category": "building",
    "pattern": [
      "45 ",
      "432",
      "111"
    ],
    "key": {
      "1": [
        "minecraft:jigsaw"
      ],
      "2": [
        "structure_block"
      ],
      "3": [
        "minecraft:repeating_command_block"
      ],
      "4": [
        "minecraft:white_wool"
      ],
      "5": [
        "minecraft:prismarine_crystals"
      ]
    },
    "result": {
      "id": "minecraft:bamboo_raft",
      "components": {
        "minecraft:item_model": "minecraft:sail_raft",
        "minecraft:item_name": "Sailable Raft",
        "minecraft:rarity": "epic",
        "minecraft:entity_data": {
          "id": "minecraft:bamboo_raft",
          "Tags": [
            "sail",
            "new"
          ]
        },
        "minecraft:custom_data": {
          "sail_boat": true
        }
      },
      "count": 1
    },
    "show_notification": true
  }