{
    "type": "minecraft:crafting_shaped",
    "category": "building",
    "pattern": [
      "   ",
      "121",
      "131"
    ],
    "key": {
      "1": [
        "minecraft:stone_bricks"
      ],
      "2": [
        "command_block"
      ],
      "3": [
        "minecraft:spruce_planks"
      ]
    },
    "result": {
      "id": "minecraft:vex_spawn_egg",
      "components": {
        "minecraft:item_model": "minecraft:smeltery",
        "minecraft:item_name": "Smeltery",
        "minecraft:rarity": "rare",
        "minecraft:entity_data": {
          "id": "minecraft:marker",
          "Tags": [
            "smeltery"
          ]
        },
        "minecraft:custom_data": {
          "smeltery_item": true
        }
      },
      "count": 1
    },
    "show_notification": true
  }