{
    "type": "minecraft:crafting_shaped",
    "category": "misc",
    "pattern": [
      "211",
      "11 ",
      "1  "
    ],
    "key": {
      "1": [
        "minecraft:spruce_planks"
      ],
      "2": [
        "structure_block"
      ]
    },
    "result": {
      "id": "minecraft:jigsaw",
      "components": {
        "minecraft:item_model": "minecraft:wooden_step",
        "minecraft:item_name": "Wooden Plank",
        "minecraft:rarity": "common",
        "minecraft:custom_data": {
          "wooden_plank": true
        }
      },
      "count": 1
    },
    "show_notification": true
  }