{
    "type": "minecraft:smoking",
    "category": "food",
    "ingredient": "minecraft:phantom_membrane",
    "result": {
      "id": "minecraft:netherite_scrap",
      "components": {
        "minecraft:item_name": "Cooked Shark",
        "item_model": "minecraft:cooked_shark",
        "minecraft:food": {
          "nutrition": 6,
          "saturation": 4,
          "can_always_eat": false
        },
        "minecraft:consumable": {
          "consume_seconds": 4,
          "animation": "drink",
          "has_consume_particles": true,
          "on_consume_effects": [
            {
              "type": "minecraft:apply_effects",
              "effects": [
                {
                  "id": "minecraft:conduit_power",
                  "amplifier": 2,
                  "duration": 100,
                  "ambient": true,
                  "show_particles": false,
                  "show_icon": false
                }
              ],
              "probability": 0.8
            }
          ]
        }
      }
    },
    "cookingtime": 200
  }