{
    "display": {
      "icon": {
        "id": "minecraft:stone",
        "components": {
          "minecraft:item_model": "minecraft:pale_moss_block"
        }
      },
      "title": "Loose Slate",
      "description": "A fragile material, I wonder what happens if you smash it? Can be obtained from ocean debris and island scavenging.",
      "frame": "goal",
      "show_toast": true,
      "announce_to_chat": false,
      "hidden": false
    },
    "parent": "mineraft:research_guide/misc/wooden_plank",
    "criteria": {
      "requirement": {
        "trigger": "minecraft:inventory_changed",
        "conditions": {
          "items": [
            {
                "items": "test_block"
            }
          ]
        }
      }
    }
  }