{
    "display": {
      "icon": {
        "id": "minecraft:stone",
        "components": {
          "minecraft:item_model": "minecraft:prismarine_crystals"
        }
      },
      "title": "Nails",
      "description": "Rusty Nails (Crafting Material)",
      "frame": "goal",
      "show_toast": true,
      "announce_to_chat": false,
      "hidden": false
    },
    "parent": "mineraft:research_guide/misc/scrap",
    "criteria": {
      "requirement": {
        "trigger": "minecraft:inventory_changed",
        "conditions": {
          "items": [
            {
                "items": "prismarine_crystals"
            }
          ]
        }
      }
    }
  }