{
    "display": {
      "icon": {
        "id": "minecraft:stone",
        "components": {
          "minecraft:item_model": "minecraft:refined_scrap"
        }
      },
      "title": "Refined Scrap",
      "description": "A valuable piece of garbage. Crafting Material",
      "frame": "goal",
      "show_toast": true,
      "announce_to_chat": false,
      "hidden": false
    },
    "parent": "mineraft:research_guide/misc/nails",
    "criteria": {
      "requirement": {
        "trigger": "minecraft:inventory_changed",
        "conditions": {
          "items": [
            {
                "items": "repeating_command_block"
            }
          ]
        }
      }
    }
  }