{
    "display": {
      "icon": {
        "id": "minecraft:stone",
        "components": {
          "minecraft:item_model": "minecraft:command_block_minecart"
        }
      },
      "title": "Rope",
      "description": "Strong Rope (Crafting Material)",
      "frame": "goal",
      "show_toast": true,
      "announce_to_chat": false,
      "hidden": false
    },
    "parent": "mineraft:research_guide/misc/thatch",
    "criteria": {
      "requirement": {
        "trigger": "minecraft:inventory_changed",
        "conditions": {
          "items": [
            {
                "items": "minecraft:command_block_minecart"
            }
          ]
          }
        }
      }
    }