{
    "type": "minecraft:crafting_shaped",
    "category": "equipment",
    "pattern": [
      "212",
      "131",
      "   "
    ],
    "key": {
      "1": [
        "minecraft:test_instance_block"
      ],
      "2": [
        "minecraft:command_block_minecart"
      ],
      "3": [
        "minecraft:chainmail_helmet"
      ]
    },
    "result": {
      "id": "minecraft:iron_helmet",
      "components": {
        "minecraft:item_name": "Metal Helmet",
        "minecraft:rarity": "rare",
        "minecraft:max_damage": 210
      },
      "count": 1
    },
    "show_notification": true
  }