{
    "type": "minecraft:crafting_shaped",
    "category": "equipment",
    "pattern": [
      "111",
      "232",
      "1 1"
    ],
    "key": {
      "1": [
        "minecraft:test_instance_block"
      ],
      "2": [
        "minecraft:command_block_minecart"
      ],
      "3": [
        "minecraft:chainmail_leggings"
      ]
    },
    "result": {
      "id": "minecraft:iron_leggings",
      "components": {
        "minecraft:item_name": "Metal Leggings",
        "minecraft:rarity": "rare",
        "minecraft:max_damage": 250
      },
      "count": 1
    },
    "show_notification": true
  }