{
    "type": "minecraft:crafting_shaped",
    "category": "equipment",
    "pattern": [
      "1 1",
      "232",
      "111"
    ],
    "key": {
      "1": [
        "minecraft:test_instance_block"
      ],
      "2": [
        "minecraft:command_block_minecart"
      ],
      "3": [
        "minecraft:chainmail_chestplate"
      ]
    },
    "result": {
      "id": "minecraft:iron_chestplate",
      "components": {
        "minecraft:item_name": "Metal Chestplate",
        "minecraft:rarity": "rare",
        "minecraft:max_damage": 260
      },
      "count": 1
    },
    "show_notification": true
  }