{
    "type": "minecraft:crafting_shaped",
    "category": "equipment",
    "pattern": [
      "1 1",
      "222",
      "111"
    ],
    "key": {
      "1": [
        "minecraft:repeating_command_block"
      ],
      "2": [
        "minecraft:command_block_minecart"
      ]
    },
    "result": {
      "id": "minecraft:chainmail_chestplate",
      "components": {
        "item_model": "minecraft:scrap_chestplate",
        "minecraft:item_name": "Scrap Chestplate",
        "minecraft:rarity": "uncommon",
        "minecraft:attribute_modifiers": [
          {
            "type": "minecraft:armor",
            "id": "minecraft:armor.chestplate",
            "amount": 5,
            "operation": "add_value",
            "slot": "chest"
          },
          {
            "type": "minecraft:armor_toughness",
            "id": "minecraft:armor.chestplate",
            "amount": 0.5,
            "operation": "add_value",
            "slot": "chest"
          }
        ],
        "minecraft:max_damage": 160
      },
      "count": 1
    },
    "show_notification": true
  }