{
    "type": "minecraft:crafting_shaped",
    "category": "equipment",
    "pattern": [
      "111",
      "2 2",
      "1 1"
    ],
    "key": {
      "1": [
        "minecraft:repeating_command_block"
      ],
      "2": [
        "minecraft:command_block_minecart"
      ]
    },
    "result": {
      "id": "minecraft:chainmail_leggings",
      "components": {
        "item_model": "minecraft:scrap_leggings",
        "minecraft:item_name": "Scrap Leggings",
        "minecraft:rarity": "uncommon",
        "minecraft:attribute_modifiers": [
          {
            "type": "minecraft:armor",
            "id": "minecraft:armor.leggings",
            "amount": 2,
            "operation": "add_value",
            "slot": "legs"
          },
          {
            "type": "minecraft:armor_toughness",
            "id": "minecraft:armor.leggings",
            "amount": 0.5,
            "operation": "add_value",
            "slot": "legs"
          }
        ],
        "minecraft:max_damage": 150
      },
      "count": 1
    },
    "show_notification": true
  }