{
  "type": "minecraft:crafting_shaped",
  "category": "equipment",
  "pattern": [
    "   ",
    "1 1",
    "2 2"
  ],
  "key": {
    "1": [
      "minecraft:repeating_command_block"
    ],
    "2": [
      "minecraft:command_block_minecart"
    ]
  },
  "result": {
    "id": "minecraft:chainmail_boots",
    "components": {
      "item_model": "minecraft:scrap_boots",
      "minecraft:item_name": "Scrap Boots",
      "minecraft:rarity": "uncommon",
      "minecraft:attribute_modifiers": [
        {
          "type": "minecraft:armor",
          "id": "minecraft:armor.boots",
          "amount": 2,
          "operation": "add_value",
          "slot": "feet"
        },
        {
          "type": "minecraft:armor_toughness",
          "id": "minecraft:armor.boots",
          "amount": 0.5,
          "operation": "add_value",
          "slot": "feet"
        }
      ],
      "minecraft:max_damage": 100
    },
    "count": 1
  },
  "show_notification": true
}