{
    "type": "minecraft:entity",
    "pools": [
      {
        "bonus_rolls": 0,
        "entries": [
          {
            "type": "minecraft:item",
            "functions": [
              {
                "add": false,
                "count": {
                  "type": "minecraft:uniform",
                  "max": 1,
                  "min": 3
                },
                "function": "minecraft:set_count"
              },
              {
                "count": {
                  "type": "minecraft:uniform",
                  "max": 1,
                  "min": 0
                },
                "enchantment": "minecraft:looting",
                "function": "minecraft:enchanted_count_increase"
              },
              {
                "function": "minecraft:set_components",
                "components": {
                  "minecraft:item_name": "Shark Meat",
                  "minecraft:food": {
                    "nutrition": 2,
                    "saturation": 2,
                    "can_always_eat": false
                  },
                  "minecraft:consumable": {
                    "consume_seconds": 6,
                    "animation": "drink",
                    "has_consume_particles": true,
                    "on_consume_effects": [
                      {
                        "type": "minecraft:apply_effects",
                        "effects": [
                          {
                            "id": "minecraft:conduit_power",
                            "amplifier": 1,
                            "duration": 40,
                            "ambient": true,
                            "show_particles": false,
                            "show_icon": true
                          }
                        ],
                        "probability": 0.5
                      }
                    ]
                  }
                }
              }
            ],
            "name": "minecraft:phantom_membrane"
          }
        ],
        "rolls": 1
      }
    ],
    "random_sequence": "minecraft:entities/dolphin"
  }