{
    "criteria": {
        "requirement": {
            "trigger": "minecraft:inventory_changed",
            "conditions": {
                "items": [
                    {
                        "items": [
                            "test_instance_block"
                        ]
                    }
                ]
            }
        }
    },
    "rewards": {
        "recipes": [
            "iron_hoe",
            "iron_pickaxe",
            "iron_sword",
            "iron_shovel",
            "iron_axe"
        ]
    }
}