{
    "processors": [
        {
            "processor_type": "rule",
            "rules": [
                {
                    "position_predicate": {
                        "predicate_type": "always_true"
                    },
                    "location_predicate": {
                        "predicate_type": "always_true"
                    },
                    "input_predicate": {
                        "predicate_type": "random_block_match",
                        "block": "air",
                        "probability": 1.0
                    },
                    "output_state": {
                        "Name": "water"
                    }
                }
            ]
        }
    ]
}