{
    "display": {
      "icon": {
        "id": "minecraft:stone",
        "components": {
          "minecraft:item_model": "minecraft:collection_net"
        }
      },
      "title": "Collection Net",
      "description": "A 3x3 raft extension, can be placed at the center edge block of a pre-existing foundation. Collects stray debris.",
      "frame": "goal",
      "show_toast": true,
      "announce_to_chat": false,
      "hidden": false
    },
    "parent": "mineraft:research_guide/extensions/foundation",
    "criteria": {
      "requirement": {
        "trigger": "minecraft:recipe_crafted",
        "conditions": {
          "recipe_id": "mineraft:collection_raft"
        }
      }
    }
  }