{
    "display": {
      "icon": {
        "id": "minecraft:stone",
        "components": {
          "minecraft:item_model": "minecraft:foundation_armor_item"
        }
      },
      "title": "Foundation Armor",
      "description": "Reinforce your rafts to withstand Shark Attacks!",
      "frame": "goal",
      "show_toast": true,
      "announce_to_chat": false,
      "hidden": false
    },
    "parent": "mineraft:research_guide/extensions/wooden_platform",
    "criteria": {
      "requirement": {
        "trigger": "minecraft:recipe_crafted",
        "conditions": {
          "recipe_id": "mineraft:foundation_armor"
        }
      }
    }
  }