{
    "display": {
      "icon": {
        "id": "minecraft:stone",
        "components": {
          "minecraft:item_model": "minecraft:raft_extension"
        }
      },
      "title": "Foundation",
      "description": "A 3x3 raft extension, can be placed at the center edge block of a pre-existing foundation.",
      "frame": "goal",
      "show_toast": true,
      "announce_to_chat": false,
      "hidden": false
    },
    "parent": "mineraft:research_guide/root",
    "criteria": {
      "requirement": {
        "trigger": "minecraft:recipe_crafted",
        "conditions": {
          "recipe_id": "mineraft:raft_extension"
        }
      }
    }
  }