{
    "display": {
      "icon": {
        "id": "minecraft:stone",
        "components": {
          "minecraft:item_model": "minecraft:wooden_platform_it"
        }
      },
      "title": "Wooden Platform",
      "description": "A 3x3 raft extension, can be placed on a support, or off the center edge of a pre-existing platform.",
      "frame": "goal",
      "show_toast": true,
      "announce_to_chat": false,
      "hidden": false
    },
    "parent": "mineraft:research_guide/extensions/collection_net",
    "criteria": {
      "requirement": {
        "trigger": "minecraft:recipe_crafted",
        "conditions": {
          "recipe_id": "mineraft:decor/wooden_platform"
        }
      }
    }
  }