{
    "display": {
      "icon": {
        "id": "minecraft:stone",
        "components": {
          "minecraft:item_model": "minecraft:wooden_pillar"
        }
      },
      "title": "Wooden Support",
      "description": "A sturdy support, can be placed anywhere on youur raft. Can support 5 platforms in a + shape.",
      "frame": "goal",
      "show_toast": true,
      "announce_to_chat": false,
      "hidden": false
    },
    "parent": "mineraft:research_guide/decor/wooden_staircase",
    "criteria": {
      "requirement": {
        "trigger": "minecraft:recipe_crafted",
        "conditions": {
          "recipe_id": "mineraft:decor/wooden_support"
        }
      }
    }
  }