{
    "criteria": {
      "requirement": {
        "trigger": "minecraft:inventory_changed",
        "conditions": {
          "items": [
            {
              "items": [
                "test_instance_block"
              ]
            }
          ]
        }
      }
    },
    "rewards": {
      "recipes": [
        "mineraft:armor/metal_helmet",
        "mineraft:armor/metal_chestplate",
        "mineraft:armor/metal_leggings",
        "mineraft:armor/metal_boots"
      ]
    }
  }