{
    "display": {
      "icon": {
        "id": "minecraft:raw_copper",
        "components": {
          "minecraft:item_model": "minecraft:iron_pickaxe"
        }
      },
      "title": "Tough Tools",
      "description": "Craft ALL Metal Tools",
      "frame": "challenge",
      "show_toast": true,
      "announce_to_chat": true,
      "hidden": false
    },
    "parent": "mineraft:objectives/finish_earlygame",
    "criteria": {
      "requirement": {
        "trigger": "minecraft:inventory_changed",
        "conditions": {
          "items": [
            {
              "items": [
                "minecraft:iron_pickaxe"
              ]
            },
            {
                "items": [
                  "minecraft:iron_hoe"
                ]
            },
            {
                "items": [
                  "minecraft:iron_axe"
                ]
            },
            {
                "items": [
                  "minecraft:iron_shovel"
                ]
            }
          ]
        }
      }
    }
  }