{
    "display": {
      "icon": {
        "id": "minecraft:stone",
        "components": {
          "minecraft:item_model": "minecraft:crop_plot"
        }
      },
      "title": "Crop Plot",
      "description": "A woooden box with some dirt to plant crops and thatch!",
      "frame": "goal",
      "show_toast": true,
      "announce_to_chat": false,
      "hidden": false
    },
    "parent": "mineraft:research_guide/functional/smeltery",
    "criteria": {
      "requirement": {
        "trigger": "minecraft:recipe_crafted",
        "conditions": {
          "recipe_id": "mineraft:decor/crop_plot"
        }
      }
    }
  }