{
    "display": {
      "icon": {
        "id": "minecraft:stone",
        "components": {
          "minecraft:item_model": "minecraft:tree_crop_plot_item"
        }
      },
      "title": "Large Crop Plot",
      "description": "A large wooden box with some dirt to plant trees! (requires 3x3x4 area)",
      "frame": "goal",
      "show_toast": true,
      "announce_to_chat": false,
      "hidden": false
    },
    "parent": "mineraft:research_guide/functional/crop_plot",
    "criteria": {
      "requirement": {
        "trigger": "minecraft:recipe_crafted",
        "conditions": {
          "recipe_id": "mineraft:decor/tree_crop_plot"
        }
      }
    }
  }