{
    "display": {
      "icon": {
        "id": "minecraft:stone",
        "components": {
          "minecraft:item_model": "minecraft:rain_collector"
        }
      },
      "title": "Rain Collector",
      "description": "A nifty rain collector to quench your thirst! Requires a 3x3x3 area to place",
      "frame": "goal",
      "show_toast": true,
      "announce_to_chat": false,
      "hidden": false
    },
    "parent": "mineraft:research_guide/root",
    "criteria": {
      "requirement": {
        "trigger": "minecraft:recipe_crafted",
        "conditions": {
          "recipe_id": "mineraft:rain_collector"
        }
      }
    }
  }