{
    "display": {
      "icon": {
        "id": "minecraft:stone",
        "components": {
          "minecraft:item_model": "minecraft:smeltery"
        }
      },
      "title": "Smeltery",
      "description": "A simple smeltery to refine your ores and cook your food, Requires a 3x3 area to place, can only be placed on the center of a Foundation.",
      "frame": "goal",
      "show_toast": true,
      "announce_to_chat": false,
      "hidden": false
    },
    "parent": "mineraft:research_guide/functional/rain_collector",
    "criteria": {
      "requirement": {
        "trigger": "minecraft:recipe_crafted",
        "conditions": {
          "recipe_id": "mineraft:smeltery"
        }
      }
    }
  }