{
    "type": "minecraft:block",
    "pools": [
      {
        "bonus_rolls": 0,
        "entries": [
          {
            "type": "minecraft:alternatives",
            "children": [
              {
                "type": "minecraft:item",
                "functions": [
                  {
                    "function": "minecraft:set_components",
                    "components": {
                      "minecraft:item_name": "Palm Sapling"
                    }
                  }
                ],
                "conditions": [
                  {
                    "condition": "minecraft:survives_explosion"
                  },
                  {
                    "chances": [
                      0.1,
                      0.125,
                      0.14555,
                      0.2
                    ],
                    "condition": "minecraft:table_bonus",
                    "enchantment": "minecraft:fortune"
                  }
                ],
                "name": "minecraft:oak_sapling"
              }
            ]
          }
        ],
        "rolls": 1
      }
    ],
    "random_sequence": "minecraft:blocks/oak_leaes"
  }