{
    "type": "minecraft:crafting_shaped",
    "category": "equipment",
    "pattern": [
      " 32",
      " 13",
      "1  "
    ],
    "key": {
      "1": [
        "minecraft:stick"
      ],
      "2": [
        "test_instance_block"
      ],
      "3": [
        "minecraft:command_block_minecart"
      ]
    },
    "result": {
      "id": "minecraft:iron_sword",
      "components": {
        "item_model": "minecraft:iron_spear",
        "minecraft:item_name": "Metal Spear",
        "minecraft:max_damage": 30,
        "minecraft:rarity": "uncommon"
      },
      "count": 1
    },
    "show_notification": true
  }