{
    "type": "minecraft:entity",
    "pools": [
      {
        "rolls": 4,
        "entries": [
          {
            "type": "minecraft:item",
            "name": "minecraft:string",
            "weight": 28,
            "functions": [
              {
                "function": "minecraft:set_count",
                "count": {
                  "min": 1,
                  "max": 7
                }
              }
            ]
          },
          {
            "type": "minecraft:item",
            "name": "minecraft:spruce_log",
            "weight": 10,
            "quality": 2,
            "functions": [
              {
                "function": "minecraft:set_count",
                "count": {
                  "min": 1,
                  "max": 2
                }
              }
            ]
          },
          {
            "type": "minecraft:item",
            "name": "minecraft:command_block",
            "weight": 40,
            "quality": 1,
            "functions": [
              {
                "function": "minecraft:set_components",
                "components": {
                  "minecraft:item_name": "Scrap",
                  "minecraft:rarity": "uncommon",
                  "item_model": "minecraft:scrap"
                }
              }
            ]
          },
          {
            "type": "minecraft:item",
            "name": "minecraft:cobblestone",
            "weight": 15,
            "quality": 2,
            "functions": [
              {
                "function": "minecraft:set_count",
                "count": {
                  "min": 1,
                  "max": 3
                }
              }
            ]
          },
          {
            "type": "minecraft:loot_table",
            "value": "mineraft:slate_chance",
            "weight": 14,
            "quality": 2,
            "functions": [
              {
                "function": "minecraft:set_count",
                "count": {
                  "min": 1,
                  "max": 3
                }
              }
            ]
          },
          {
            "type": "minecraft:item",
            "name": "minecraft:chain_command_block",
            "weight": 25,
            "functions": [
              {
                "function": "minecraft:set_components",
                "components": {
                  "minecraft:item_name": "Sea Glass",
                  "minecraft:item_model": "minecraft:glass",
                  "minecraft:rarity": "common"
                }
              }
            ]
          },
          {
            "type": "minecraft:item",
            "name": "minecraft:prismarine_crystals",
            "weight": 6,
            "functions": [
              {
                "function": "minecraft:set_components",
                "components": {
                  "minecraft:item_name": "Nails",
                  "minecraft:rarity": "common"
                }
              }
            ]
          }
        ]
      }
    ]
  }