{
    "type": "minecraft:block",
    "pools": [
      {
        "bonus_rolls": 0,
        "entries": [
          {
            "type": "minecraft:item",
            "name": "minecraft:test_block",
            "functions": [
              {
                "function": "minecraft:set_components",
                "components": {
                  "minecraft:item_model": "minecraft:pale_moss_block",
                  "minecraft:item_name": "Loose Slate",
                  "minecraft:rarity": "common",
                  "minecraft:custom_data": {
                    "loose_slate": true
                  }
                }
              }
            ]
          }
        ],
        "rolls": {
          "type": "minecraft:uniform",
          "min": 0,
          "max": 1
          }
        }
    ]
  }