{
  "type": "minecraft:chest",
  "pools": [
    {
      "rolls": 6,
      "entries": [
        {
          "type": "minecraft:item",
          "name": "minecraft:bone",
          "weight": 50
        },
        {
          "type": "minecraft:item",
          "name": "minecraft:string",
          "weight": 50
        }
      ]
    },
    {
      "rolls": 1,
      "entries": [
        {
          "type": "minecraft:item",
          "name": "minecraft:fishing_rod",
          "functions": [
            {
              "function": "minecraft:set_count",
              "count": {
                "type": "minecraft:score",
                "target": {
                  "type": "minecraft:fixed",
                  "name": "#Global"
                },
                "score": "player_online",
                "scale": 1
              }
            }
          ]
        }
      ]
    }
  ]
}