{
    "type": "minecraft:block",
    "pools": [
      {
        "bonus_rolls": 0,
        "conditions": [
          {
            "condition": "minecraft:survives_explosion"
          }
        ],
        "entries": [
          {
            "type": "minecraft:item",
            "name": "minecraft:sugar_cane",
            "functions": [
              {
                "function": "minecraft:set_components",
                "components": {
                  "minecraft:item_name": "Thatch"
                }
              }
            ]
          }
        ],
        "rolls": {
            "min": 1,
            "max": 4
        }
      }
    ]
  }